,Commentaire,Score
0,ce nest pas la premire fois que les dirigeants franais semploient ainsi secourir leurs ressortissants en dtresse cest une tradition non crite mais ancre dans les moeurs que lon soit de gauche ou de droite le leitmotiv semble tre quaucun citoyen franais quil soit ne doit se sentir abandonn par la patrie la grandeur dune nation se mesure aussi sa capacit secourir ses citoyens dans le besoin,0.824
1,en effet les coles bilingues de pousghuin et de nomgana le centre dalphabtisation sagdbzanga de bangrin le centre de mthode alfaa apprentissage de langue franaise partir des acquis de lalphabtisation et lecole espaceeveil ont visite par son excellence han maurits schaapveld,0.7579
2,depuis paris cet internaute du nom de juali apprcie positivement un crit paru rcemment dans nos colonnes sur lexcellence dans lducation,0.5859
3,ce dernier qui reu lhuile de son fournisseur se trouvant ouaga laurait selon une source vide dans de petites barriques de pesticide mal nettoyes les barriques ont ensuite dposes dans les boutiques du commerant aux secteurs et de la ville les victimes habitaient ces deux secteurs au secteur on comptait sept personnes intoxiques dans une famille,-0.1531
4,les adultes et les institutions charges de leur inculquer ces valeurs ne montrent pas toujours le bon exemple comme on le dit trivialement le poisson pourrit toujourspar la tteil est choquant de constater que certains postes de gendarmerie ou de police nont mme pas de drapeau et les drapeaux existent ceuxci sont parfois si mal entretenus quils ninspirent aucun respect,0.1818
5,las de lattendre et aprs avoir entrepris des dmarches pour le retour de lintress il la finalement remplac cest aprs que ce dernier rapparu mais ne pouvait plus reprendre sa place il ne sest agi en aucun moment de licenciement qui aurait pu bien avoir lieu plus tt compte tenu de gaffes de fautes commises par le jeune homme de lavis du patron ce dernier soutient aussi en sappuyant sur des informations qui lui sont parvenues que lemploy est revenu aprs avoir chou dans son projet daventure aux etatsunis pour sa part le jeune chauffeur ni la version de son patron et soutenu quil na pas abandonn son poste,0.0772
6,ces ambassadeurs sont au nombre de au niveau des gardiens de but on en retient trois il sagit de abdoulaye soulama de lasfb mohamed kabor de lefo et daouda compaor de lasfay un trio purement local qui essayera de se faire valoir en tunisiesur les joueurs on dnombre joueurs voluant ltranger et joueurs locauxon note le retour de liad gnonka jeanmichel qui fait la fiert des etalons en et qui nous vient de lalgrie,0.8625
7,la chute du mur de berlin sans aucun doute possible prcipit une re et marqu un tournant dans lhistoire des relations internationales avec les interrogations que cela suscite encore aujourdhui en terme dquilibre et de dveloppement notamment,0.5594
8,la carte de sjour rendue obligatoire en et les autres dispositifs mis en place en cte divoire pour identifier les trangers et contrler les flux migratoires suscit des griefs et des suspicions sur leur manque de transparence et de fiabilit soulign achi,0.0772
9,aprs ces quelques observations la direction gnrale de la rtb informe ses tlespectateurs que contrairement ces nouvelles alarmistes sur fond de procs dintention lmission presse dimanche na pas supprime la rtb simplement dcid face aux critiques et suggestions dont parl lanimateur mamadou ali compaor dans son mission du dimanche novembre de la suspendre pour procder un meilleur recadrage de presse dimanche,-0.0772
10,au moment en cte divoire les journalistes cultivent la haine entre eux quau togo il est impossible de critiquer le gouvernement dans les mdias publics et quau niger un journaliste est en prison pour avoir dnonc preuves lappui des malversations financires nous au burkina cals tranquillement dans notre fauteuil en attendant le repas de midi nous apprcions la remise en cause hebdomadaire de la pertinence des choix politiques et conomiques de ceux qui agissent en notre nom,0.0
11,sur le plan conomique donc le chef de letat burkinab demand ses compatriotes de reconnatre quil encore du chemin parcourir aprs lconomique blaise compaor comme de coutume appel tout le monde mettre la main la pte pour valoriser les ressources humaines et la lutte contre la pauvret il ensuite dans son style lui demand toutes et tous de se mobiliser pour russir tous les chantiers de dveloppement sociopolitique conomique et culturel,-0.25
12,cest quen dehors de son salaire le travailleur honnte et consciencieux cest selon na rien dautre une situation de laquelle tentent de sortir ceux de la gnration actuelle force dabsentisme et daffairisme au dtriment mme de leur boulot qui est fou entendton dire surtout que la pitance trimestrielle servie par la carfo ou la cnss permet peine de pouvoir tirer la queue nue et courte du diable en somme on est loin des schmas le travailleur sempresse de voir sa retraite arriver ou mme lanticipe pour jouir dun repos bien mrit ou profiter de ses cotisations ou encore pour se consacrer autre chose dans ces casl la prolongation de lge de la retraite aurait une mauvaise nouvelle,-0.9524
13,le match semballait partir de la demiheure de jeu avec quatre buts marqus avant la mitemps sur un centre de leroy la tte de dagano tait renvoye dans le but par lpaule de bassila qui marquait contre son camp,0.0516
14,le corps de celui qui dirigea une junte militaire de nol octobre avait retrouv dans une rue dabidjan plusieurs centaines de mtres de son domicile une balle dans la tte,0.0258
15,cest ainsi que se prsente la dame qui donn un nouveau sens lengagement politique qui consiste construire et non dtruire vritablement fatou diendr est le prototype du dput qui se veut la courroie de transmission entre les populations et letat le gardien vigilant des intrts de ses lecteurs,0.128
16,ainsi le porteparole des organisations internationales christian lemaire soulign sa satisfaction quant la qualit exceptionnelle des rapports quentretiennent les agences du systme des nations unies avec leurs partenaires nationaux dans le cadre de la mise en uvre de leurs programmes respectifs,0.7506
17,le dr par est dautant plus du que cette croisade vienne dune presse dite proche de lopposition nest que le reflet de la maladie infantile de lopposition savoir quil ny dopposition que son parti que son regroupement cest cette maladie qui fait quaujourdhui lopposition burkinab est toujours la recherche dun chef de lopposition rpliqu le prsident emile par,-0.6597
18,laurent koudou gbagbo de cte divoire blaise compaor du burkina amadou toumani tour du mali mathieu krkou du bnin abdoulaye wade du sngal mamadou tandja du niger henrique rosa de guine bissau et le premier ministre togolais se sont trouvs samedi janvier niamey au niger,0.0
19,il par la suite plac sous mandat de dpt,0.0516
20,auparavant mme tiemtor au nom de tout le personnel prsent yonli et tous ceux qui lui sont chers des vux de sant de bonheur et de prosprit depuis bientt quatre ans vous consacrez toute votre nergie au service du peuple burkinab nous sommes au premier ministre les tmoins privilgis de cet engagement total et permanent affirm mme tiemtor,0.7964
21,rle et place de la mdecine et de la pharmacope traditionnelle dans la lutte contre les maladies opportunistes du vihsida en afrique cest sous ce thme que se droulera la quatrime dition du sirenapharmaexpo les exposants viendront dasie damrique dafrique et de leurope,-0.6249
22,le rcipiendaire de lassociation tind yalgr de bouss mady sawadogo remerci tous ceux qui lont soutenu dune manire ou dune autre pour laboutissement de cette distinction notamment les autorits politiques et administratives de la province,0.0258
23,sa suite le maire simon compaor laiss entendre son souhait puisse cette communaut de destin et de vision entre catholiques et protestants faire en sorte que tout se passe pour la gloire de leternel dans ce sens il ajout pour la crmonie de ce soir il aurait fallu du matriel adquat pour la gloire de leternel dans cette logique le maire estim quil va falloir dsigner des gens qui seront forms pour la matrise du son il soulign que le son souvent fait dfaut et fait chouer bien de crmonies le maire simon compaor galement prcis qu lorigine la nuit des chorales tait une initiative de la ville et doit tre inscrite sur la liste des activits que la ville mne,0.765
24,formation de cadres forestiers et des producteurs de gomme sur les techniques de saigne,0.1027
25,la chambre de commerce et dindustrie du burkina gnitrice de linitiative de soutien aux etalons peut se vanter davoir russi un grand coup toutes les quarantecinq provinces du burkina ont souscrit pour la victoire des etalons tunis,0.6705
26,la plupart des professionnels jouent en france et en belgique un seul volue en hollande il sagit de rahim oudraogo du fc twente ces garons ont la lourde tche de dfendre les couleurs nationales ils comptent tous slections au moins hormis amara ouattara qui na que slections mais son exprience au sein de lquipe nationale comble parfaitement ce retard pour rabier le choix sest port pour la qualit du joueur et rien dautres,0.3818
27,beaucoup de commentaires se font autour de cette tonnante dcision de kaddafi longtemps considr comme lennemi jur des yankee lhomme ttu quon essay danantir doucement mais srement on vite fait de se poser la question savoir si les adm de kaddafi constituaient rellement une menace pour la paix ou si kaddafi voulait tout simplement jouer au one man show dans certains milieux cette dcision spontane est assimile une reddition prventive,0.7003
28,face cela ditil le gouvernement sattaque aux consquences plutt quaux causes la comptitivit conomique dont il est beaucoup question reste un leurre tant quil ny aura pas de base conomique vritable et une politique de dveloppement fonde sur les valeurs organisationnelles et culturelles authentiques face une situation de drive il faut sattendre un jour linvitable explosion sociale avertit laurent bado,0.5719
29,la caravane accueillie depuis lentre de la ville par quelques curieux aligns le long de la voie jusqu laroport bobodioulasso les autorits ont mis les moyens pour assurer la scurit sur le site de laroport et la voie emprunte par le rallye,0.7003
30,amado oudraogo ans environ la main haute sur plus de ouvriers rpartis en deux quipes journaliers et permanents compris il reste conscient de limportance de louvrage quil dirige cest vraiment un bon investissement de letat ditil car cela va permettre aux burkinab de bien vendre leurs productions auparavant confines sur de petits marchs locaux le terminal fruitier permettra un meilleur conditionnement lexportation de fruits et lgumes de qualit vers les marchs europens et contribuera rduire les pertes des producteurs la population ne peut que fliciter cette initiative ajoutetil avant de conclure pour le moment nous ne connaissons pas de problme particulier susceptible dentraver la bonne marche des travaux,0.7473
31,le novembre plusieurs partis politiques de lopposition ont dans un communiqu de presse commun salu lesprit de solidarit et llan patriotique que lopposition burkinab su dans son ensemble dvelopper suite larrestation de monsieur norbert michel tiendrbogo prsident du ffs dans le cadre dun prtendu projet de coup detat,0.0
32,et le score serr de buts en faveur des etalons est quelque part la preuve que ladversaire ntait pas venu pour combler un videlquipe de jeanpaul rabier tait ds lentame crispe et dans le doute face au kotoko de kumassi qui la beaucoup gne dans le jeu en effet les ghanens ont procd un jeu fait de passes courtes avec des joueurs trs vifs et techniquement au point la raction burkinab tait timide mais les etalons parviennent ouvrir le score par bb kambou la mn suite une balle arrte corner,0.6133
33,le faso dan fani ne finira jamais de faire parler de lui lextrieur en effet depuis quelle ctoie les grandes sphres mondiales de la mode la styliste clara lawson choisi de magnifier le burkina faso travers son faso dan fani fdf ce pagne de coton trs original cest ainsi quaprs les etatsunis la france et dautres pays europens clara porte galement le message de la promotion du fdf et de la lutte contre le sida dans les pays africains lom en octobre elle prsent devant plus de personnes la collection elgance bc ralise partir des pagnes vlisco associs dautres matires notamment le fdf au gabon les mmes crations ont fait sensation cette foisci par le biais dune soire organise pour venir en aide lassociation des pouses de chefs detat africains engages dans la lutte contre le sida sur la mme lance clara sera en france le fvrier prochain avec sa robe de la paix lors dune soire initie par mode sans frontire et parraine par lunesco et mme raffarin pouse du premier ministre franais comme quoi le fdf de beaux jours devant lui sur le plan international,0.8807
34,nous allons ratisser large avait averti abdoulaye barry ds le dbut de cette affaire ainsi de ratissage en ratissage on compte aujourdhui inculps dans cette affaire qui failli branler letat burkinab et le ratissage continue si lon en croit le commissaire du gouvernement prs le tribunal militaire de ouagadougou plus dune dizaine dofficiers suprieurs de larme ont entendus de mme que des personnalits civiles soulignetil,-0.4588
35,ce faux riz est emball dans des sacs la marque usa long grain rice parboiled semblables aux sacs utiliss par le cathwel cependant les sacs frauduleux sont reconnaissables par leur numro du contrat vepd contract no vepd,-0.7184
36,et pourquoi un mur dailleurs pour quil soit identifi comme un vrai complexe explique joseph legrand christophe durant dj parti lanne dernire souligne une autre raison permet aussi de grer des entres payantes quant michel flaux accompagnateur il fait remarquer quau burkina les animaux sont en divagation autant de raisons qui ncessitent un espace clos le conseil municipal de ouargaye qui nexiste que depuis ans environ vient dailleurs de crer un comit de pilotage pour grer ce complexe,0.4215
37,les victimes faisaient partie dun groupe denviron lves officiers de lcole militaire spciale de saintcyr selon les gendarmes de hauteprovence et larme de terre ils effectuaient des exercices dans le secteur du col de restefond alpesde hauteprovence quand ils ont surpris par une tempte de neige,-0.2732
38,moussa tour prsident sortant de la commission de luemoa je souhaite bon vent lunion me voici arriv au terme du mandat que lon ma confi le mai,0.4939
39,lpoque le ministre tait interpell pour prendre toutes les mesures devant permettre de juguler les consquences notamment en ce qui concerne les prix afin de contenir linflation,0.7269
40,raphal marie salambr la supervision de la scurit arienne au burkina faso est organise partir dune rglementation de rfrence savoir celle de lorganisation de laviation civile internationale oaci cest ainsi que dans notre pays nous avons un plan de mise en uvre de cette rglementation internationale il galement un plan daction tir de diffrents audits de supervision de la scurit effectus par loaci dont le dernier ralis en octobre,-0.0516
41,cest au premier viceprsident de lassemble marc oubkiri yao quest revenu lhonneur de sexprimer au nom de ses collgues parlementaires lendroit de roch marc christian kabor accompagn de son pouse pour loccasion yao prsent des vux enthousiastes la famille du prsident de lassemble nationale en indiquant que lanne qui sachve laisse les dputs sur la brche depuis le dbut de la lgislature cest pourquoi les lus me prient de vous ritrer leur disponibilit et leur engagement renouvel poursuivre la mise en uvre des grandes orientations que vous avez assignes la troisime lgislature de la rpublique indiqu oubkiri ce dautant plus que lanne coule connu une activit parlementaire intense et innovatrice,0.4404
42,la fin de chaque anne la haute autorit adresse au premier ministre un rapport annuel dactivits cest en respect larrt du aot portant organisation et fonctionnement de la haute autorit de coordination de la lutte contre la corruption que honor tougouri le prsident de ladite institution et ses collaborateurs ont remis paramanga ernest yonli le fruit de leur travail dune anne,0.1779
43,djibril bassol pour ce qui concerne mon dpartement il est difficile dtablir un bilan les actions que nous menons sont permanentes au jour le jour nous essayons de tout mettre en oeuvre pour rpondre aux besoins de scurit exprims par les populations ce quon peut dire cest quau cours de lanne les populations et les forces de scurit publique ont durement prouves par encore des actes dagression criminelle des coupeurs de route nous avons durement prouvs par ces attaques main arme parce quelles ont persist et ont donn limpression aux burkinab et mme aux trangers quil avait une recrudescence du banditisme,-0.8402
44,ce qui est tout fait comprhensible dans un tat de droit tant il est connu que tout pouvoir use et corrompt son dtenteur ainsi dans les grandes dmocraties occidentales que nous singeons la limitation du nombre de mandats prsidentiels est gnralement la rgle aux etats unis et autant en france,-0.1531
45,la premire runion de travail du conseil porte sur diversit culturelle et francophonie dans lespace francophone et lchelle mondiale la francophonie est en effet fortement implique dans le projet de convention sur la diversit culturelle en prparation lunesco convention qui aura des rpercussions majeures sur le dveloppement des industries lies la culture,0.5106
46,la contribution du canada dun montant de millions de dollars canadiens soit environ fcfa est alloue au burkina pour lacquisition de matriels et quipements divers de sant daccrditation de scurit de sonorisation dinformatique de protocole de communication et de gestion de la confrence ainsi que la prise en charge de contributions diverses et charges dassistance conseil et dencadrement en vue de la russite du sommet,0.3744
47,idrissa oudraogo et les siens prennent la sonacib et son patrimoine,0.0
48,de politique parlonsen dautant plus quavec le temps des veilles darmes lectorales sonn prochaines chances pollitique obligent la prsidentielle de en toile de fond,0.2023
49,travers le thme central le contrle un moyen de prvention et de rpression de la corruption le renlac compte dmontrer que la recrudescence du phnomne de la corruption est due en grande partie linefficacit ou linexistence du contrle selon les organisateurs desdites journes un bon contrle est un remde contre le rgne du dysfonctionnement constat dans ladministration burkinab,-0.0516
50,le prsent atelier qui regroupe les diffrents chefs detat major darmes les chefs de division de letatmajor gnral des armes les conseillers de mme que les directeurs de service des officiers des sousofficiers et des militaires du rang du service de sant des armes permettra dchanger sur ltat actuel du service de sant le contexte dlaboration de la politique sanitaire au profit des forces armes nationales,-0.5719
51,cette stratgie labore par des personnes ressources de diffrents ministres sous la direction du mtej cet atelier servira galement de cadre la restitution et la dissmination du rapport sur lvaluation du risque et de la vulnrabilit au burkina,0.0258
52,le montant de cette tape slve milliard de francs cfa le burkina faso contribuant hauteur de millions pour la peinture la rfection des locaux et de lacoustique,0.5106
53,intgration africaine et bonne gouvernance opacit et drives dans la gestion de la commission de luemoa tel est le titre de cet ouvrage dans lequel bertin borna affirme que les rgles de bonne gouvernance ne sont nullement appliques dans cette institution sans porter des gangs il en appelle aux recommandations du comit des sages de lunion pour une bonne gouvernance de luemoa ledit comit regroupait en des personnalits de haut rang de la sousrgion timoko marc garango du burkina edem kodjo du togo etc dautant plus que selon me bertin borna la collgialit ntait pas de mise la commission de luemoa entre commissaires,0.8312
54,pour une socit ce nest donc pas donc comme un tre humain ainsi avoir dix ans cest une maturit nous pensons faire une valuation de notre action ces dix dernires annes puis recentrer nos actions futures en tenant compte de la conjoncture nous qui travaillons beaucoup avec lextrieur nous sommes tributaire de la conjoncture internationale notamment par cette ouverture quon appelle mondialisation cest une situation qui permet aux entreprises internationales bien assises financirement de sinsrer dans les marchs nationaux,0.0516
55,dinventorier les varits femelles locales et dintroduire des varits de haute qualit dattire sous forme de vetroplants,0.4019
56,les membres de doanesson ont ensuite procd au renouvellement du bureau une quipe de neuf personnes est dsormais charge de conduire les destines de lassociation,-0.2023
57,pays avezvous vraiment lassurance que les oprations de lotissement ouagadougou se droulent de faon transparente,0.0
58,le prsident de la commission moussa tour tait son deuxime mandat de quatre ans titre exceptionnel et sur insistance du prsident nigrien mahamadou tanja le mandat fut prorog pour un an commencent toutes les supputations et les hypothses sur le sort de moussa tour cest un prcdent qui pourrait faire jurisprudence la prolongation du mandat est sujet interprtation,0.2682
59,au contraire on assiste limage de la socit ellemme une monte en force dune ducation double vitesse dun ct les meilleures coles trs chres et inaccessibles la majorit de lautre ct les coles des pauvres passent les enfants du plus grand nombre de burkinab elles sont le lieu de tous les problmes des effectifs faire peur aux enseignants qui du reste ne sont jamais au complet le manque de documents didactiques et pdagogiques etc,-0.6908
60,avant de procder llection dun nouveau bureau les dlgus venus de plusieurs provinces rflchissent sur les questions comme la rforme globale de ladministration publique le dialogue social dans la fonction publique lvolution des droits et devoirs des travailleurs de la fonction publique de nos jours le rle de laction professionnelle dans une organisation syndicale,0.0516
61,demba fofana le football ntant pas une science exacte il est difficile danticiper certains rsultats mme si des pays comme le cameroun le nigeria legypte et le sngal par exemple partent sur papier avec une petite longueur davance sur dautres pour revenir votre question je pense que tout dpendra de notre premier match le lundi janvier heures contre le sngal donn lgrement favori mais ce niveau tout est possible surtout en coupe sur un match et le er de la can pour les deux quipes rfrezvous francesngal coupe du monde argentinecameroun coupe du monde avec maradona au sommet de son art tunisiemali coupe dafrique ouverture tunis etc cet gard il faut vite oublier le match de prparation contre la slection de navarre espagne et le match trs moyen de prparation contre kotoko dont les donnes sont diffrentes et se concentrer sur notre groupe sngalburkina malikenya certes trs relev et trs difficile mais non moins jouable si nos jeunes mouillent le maillot en restant solidaires et dans un environnement dbarrass des querelles de clochers et dintrts primaires et mesquins voir cans afrique du sud ghananigeria mali dont les rsultats sont connus en effet malgr les dclarations et les rapprochements amorcs et jtais rest prudent parce que je connais et crains ce milieu malsain dltre et mesquin du football burkinab mais tout ce que jai entendu au cours du dbat organis par la radio nationale le janvier ma un peu rassur cela est venue sajouter la remise du drapeau national par le chef de letat luimme aux etalons au cours du gala russi de linse le janvier cet acte qui est une premire est trs lourd de sens et ne peut quinterpeller nos joueurs sur leur devoir visvis de la nation qui dj beaucoup donn avant mme le dbut des hostilits,-0.6478
62,eyadma notamment convi la classe politique togolaise une prise de conscience des nouvelles donnes de notre socit elle doit apprendre navoir en considration que lintrt suprieur et lgitime de nos vaillantes populations qui ont trop souffert de lgosme de certains leaders qui ne voient lavenir du pays qu laune de leurs intrts,0.4779
63,au titre du ministre de lagriculture de lhydraulique et des ressources halieutiques,0.0
64,entre autres questions que les gens se sont poses cette occasion taitce pour faire plaisir ces institutions ou pour faire campagne,0.4404
65,la premire communication faite par guidado sow directeur de lunion douanire celuici prsent les politiques mises en uvre par lunion,0.0
66,cest ainsi quen la faveur du colloque sur la reconnaissance et lquivalence des diplmes tenu saintlouis au sngal en dcembre les diplmes de base de lisig ont reconnus par le cames il sagit du diplme suprieur en secrtariat comme quivalent du dut en secrtariat et du diplme danalyste programmeur dap comme quivalent un brevet de technicien suprieur bts danalyste programmeur,0.6444
67,il aussi renforc les capacits organisationnelles de ses coordinations provinciales en leur dotant de moyens matriels et financiers pour lexcution de leurs activits etc le rseau mobilis plus de millions de cfa pour soutenir la scolarisation des orphelins et enfants vulnrables il galement soutenu les familles des personnes infectes en vivres travers le ministre de laction sociale,-0.1027
68,dans son intervention mme martine somda personne vivant avec le vih pvvih et reprsentant le comit de pilotage de lussida relev que lussida doit tre perue comme la matrialisation de la volont des diffrents acteurs nationaux et internationaux pour lradication de la pandmie du sida au burkina faso cette volont farouche des acteurs sexplique par le fait que le burkina possde de nos jours un taux de sroprvalence estim,0.2023
69,le prsident du csi soulign le srieux et la crdibilit de radio taanba qui constitue un motif de satisfaction et un exemple suivre cest du reste pourquoi il exhort les responsables de la station persvrer dans cette mission dducation citoyenne et de dveloppement des populations du gulmu il enfin flicit son excellence paul oudraogo qui lev au rang dofficier de lordre national loccasion du dixime anniversaire de cette radio diocsaine avant de regagner ouagadougou en fin daprsmidi le prsident tiao en compagnie du grand chancelier des ordres burkinab des membres du gouvernement et du hautcommissaire du gourma rendu visite aux autorits coutumires et religieuses de la province,0.802
70,lopration dbutera effectivement le janvier prochain et devra prendre fin le fvrier une trentaine dquipes techniques doivent conduire des sorties sur le terrain en trois vagues successives cette opration doit impliquer chefferies coutumires et religieuses organisations locales de producteurs dune manire gnrale la socit civile des diffrents terroirs,0.1027
71,lastuce des fraudeurs consist imprimer des emballages du riz amricain pour servir transvaser ce fameux riz super warrior et le vendre comme du riz amricain ces faux sacs qui en ralit ne psent que kg sont malhonntement vendus comme des sacs de kg poids rel des sacs amricains dorigine tel est en substance le constat dress par zoungrana de tecal sate travers une lettre adresse coddington ils remarqueront galement que les sacs contenant le faux riz portent la marque usa long grain rice parboiled ce qui est identique aux sacs utiliss par le cathwel la contrefaon des emballages contenant le faux riz amricain tait si professionnellement faite quil est quasiimpossible un consommateur nonaverti de dceler la fraude chez les vendeurs note le gestionnaire des ressources de cathwel,-0.743
72,ainsi la date du dcembre et dans lattente des contributions de certains dpartements non encore disponibles les diffrentes souscriptions collectes dans la province du kourittenga slvent la somme de six cent trente cinq mille trois cent trente francs,0.6124
73,cette foisci il eu moins de restrictions imposes par les forces de lordre la police de laroport et le systme de scurit du rallye par rapport ldition prcdente cela permis bien des visiteurs de satisfaire leur curiosit cette foire technologique,-0.3262
74,cest en effet le aot que naaba tigr abondance en moor intronis yako par sa majest naaba siguiri conformment aux recommandations de la tradition,0.0
75,les mfaits sociaux et conomiques de ces deux flaux ne sont plus hlas dmontrer les soins mdicaux retiennent une large part du revenu familial habituellement si faible labsentisme dans les lieux de travail pnalise coup sur les entreprises et les services etc,0.0772
76,en parlant de dsagrments sur le plan de la sant du consommateur vous insinuez que les produits incrimins sont de qualit douteuse messieurs de la sncitec depuis quand vous proccupezvous de la sant du consommateur combien dgagezvous par an dans vos bnfices colossaux au profit de nos formations sanitaires dont on connat ltat de pauvret qui vous dit que votre propre produit est de qualit irrprochable il est toujours facile de se chatouiller pour rire quand vous tiez seul sur le march quelle politique avezvous mene pour fidliser les consommateurs du point de vue des prix de vente vous touchez le vrai problme votre vrai problme car lvidence vous ne supportez pas la concurrence vous ne vous tes pas prpar pour cela prfrant le systme du monopole cestdire votre prix ou rien,0.9403
77,mais cette union prne cor et cri du mal vritablement prendre forme et sinscrire dans la ralit quotidienne des populations lintgration conomique et montaire semble en effet se construire au sommet au dtriment des citoyens la base censs tre des acteurs fondamentaux de cette dynamique,0.3612
78,ds la parution de cet crit des questions se posaient sur les auteurs leur objectif la veracit du contenu de lcrit et les vraies intentions de ces militants undd,0.1027
79,cre en la socit jovialproductions qui lon doit notamment la clbre srie kadi jolie semploie contourner ces difficults en se chargeant ellemme doprer une intgration verticale de la chane de production afin de dynamiser et doptimiser son travail rencontr paris au forum canadien sur lentreprise de la culture oumarou sanfo administrateur gnral de la structure revient sur le succs des sries burkinabs il dresse galement un tat des lieux des problmes existants et explique comment son entreprise fait face,0.6124
80,,0.0
81,par lettre numro capg du dcembre le procureur gnral monsieur abdoulaye barry oppos une fin de non recevoir la requte des partis dopposition au motif que linculpation de me farama est purement judiciaire et non politique et que toutes les informations relatives au dossier seraient donnes en temps opportun par voie de presse,0.4019
82,la coopration entre le japon et le burkina faso se porte bien selon kazunori tanaka reu en premire position par le chef de letat burkinab le parlementaire japonais sest rjoui de lexcellence des relations entre les deux pays pour nous les japonais le burkina faso est un partenaire trs important et nous allons le soutenir dclare kazunori tanaka ce soutien qui porte dj sur les secteurs de lducation lagriculture lhydraulique et les mdias sera poursuivi et se renforcera,0.4215
83,sem jacques bilodeau aprs avoir visit les ralisations entrant dans le cadre de cet vnement sest dclar satisfait du droulement des travaux tout en relevant que beaucoup de choses restent encore faire il raffirm son optimisme quant la russite de ce sommet par les autorits burkinab,0.7269
84,malheureusement la majorit dont la politique conomique et sociale est loin de rpondre aux proccupations de nos populations est en ellemme un obstacle la dmocratie et au progrs du burkina faso martel me bnwend sankara prsident du groupe parlementaire justice et dmocratie dans sa dclaration liminaire la confrence de presse,0.2263
85,brice yogo viceprsident et animateur de la confrence dit ne pas comprendre le refus par la justice de mettre en libert provisoire tiendrbogo alors quil offre toutes les garanties visiblement le pouvoir de la ive rpublique ne pouvant plus sadonner aux excutions extrajudiciaires opt de liquider subtilement ses adversaires atil martel,0.4588
86,lobjet de cette venue sidwaya sinscrit dune part dans le cadre dune qute dexprience pour le fonctionnement de linstance de rgulation et dautre part dans la volont de sacqurir des ralits et des conditions de fonctionnement dun organe de presse tatique,0.6808
87,cette situation amen les membres de la dsp recommander que des dispositions soient prises pour recouvrer les recettes en souffance et que des stratgies nouvelles soient mises en place pour amliorer les recouvrements des recettes budgtaires aprs ces changes le budget de la province adopt cfa quilibr en recettes et en dpenses le budget est en hausse de environ par rapport au budget prcdent qui tait de cfa,0.6908
88,la formation de ouagadougou vise harmoniser les mthodes dapproches en matire daudit de tous les cabinets partenaires du rseau kpmg dans le monde dont cafecka au burkina faso une cohsion dans la conduite des missions daudit entrainera selon le formateur une efficacit dans la lutte contre la fraude et donnera plus de satisfaction aux clients qui deviennent de plus en plus exigeants,-0.6446
89,il souhait que le conseil municipal prne toujours la voie du dialogue pour le rglement des conflits traor mis le vu que les braves et laborieuses femmes qui embellissent longueur de matine les grandes artres et centres de banfora bnficient dun signe distinctif comme des tenues ou des foulards,0.0258
90,mr rakistaba particulirement soulign que lensemble des conseillers municipaux le sentiment lgitime du devoir accompli toutefois il relev des insuffisances dont linexprience et la non disponibilit de certains conseillers municipaux il en outre souhait voir raliser en tous les projets du conseil municipal et que lensemble des proccupations du maire trouve des solutions appropries cette anne,0.5267
91,ce prcieux outil de promotion socio conomique est le signe de la bonne organisation et du srieux que ces femmes ont su mettre en place autour de leurs activits de restauration ce grce lappui de partou le programme dappui lartisanat dans louest burkina,0.3818
92,le festichams est en outre un cadre pour les populations de loudalan de communiquer entre elles pendant ce festival et de prendre conscience du grand retard quelles accusent sur les plans politiques sociaux conomiques et culturels au cours de cette rencontre les diffrentes souscommissions ont fait ltat de leurs besoins,0.3818
93,les travaux ont dbut par des communications de ladministration publique des services techniques des ressources animales de lagriculture de lhydraulique halieutique de lenvironnement et du cadre de vie,0.0
94,au nombre de ces difficults et checs on peut citer entre autres le ralentissement conomique de la province le retour massif de nos compatriotes de cte divoire loccupation sans procdure approprie du domaine foncier national des fins de cration du village dit de nimpouy qui fait couler tant dencre et de salive la dfaillance de ladministration dans le dpartement de soaw,0.0
95,mercredi dernier une dame failli tre victime dune nouvelle forme descroquerie elle aurait pu tre dleste dune somme de cfa net sa vigilance elle tout de mme perdu son portable emport par le malfrat de quoi sagitil pendant quelle est son bureau la dame reoit un appel dun personnage lui proposant des vivres cathwel ntant pas intresse elle en informe ses collgues qui font un achat group de cfa il reste donc livrer les vivres et rcuprer largent le vendeur anonyme donne rendezvous sa clientle au jardin de ouaga pour la transaction mais point de vivres voyant son jeu dcouvert le filou sempare du portable de la dame et disparat dans la nature le rpertoire dadresses figurant dans le portable pourrait lui servir appter dautres personnes attention donc,0.5994
96,la communaut musulmane assist indigne la guguerre qui oppos le gouvernement lassociation des dmarcheurs qui entendait convoyer paralllement la commission nationale des plerins sur les lieux saints de lislam,-0.128
97,il nest pas rare de voir des vols main arme des rglements de comptes conflits sociaux et familiaux travers des assassinats et autres meurtres ce phnomne exacerb ne cache pas la prpondrance de la petite dlinquance devenue monnaie courante dans nos villes et campagnes nos villages jadis havre de paix enregistrent au quotidien des cas de vols divers il est devenu quasiment impossible de pratiquer tranquillement llevage dans certaines rgions tellement les voleurs observent le moindre mouvement des animaux pour en faire leur proie,-0.9132
98,sans tre lenfer que lon brocarde souhait dans un certain discours politique le burkina nest pas non plus un eldorado si tant est quil en existe sur terre le quotidien ici comme ailleurs nest pas sans difficults il faut le savoir et se donner toutes les chances de les surmonter par nos efforts individuels et collectifs cest connu letat providence est mort de son bel anachronisme et dans un pays comme le ntre cest proprement un leurre que de tout attendre des pouvoirs publics de rcriminer ternellement parce que ceci nest pas fait sans jamais voir ce qui est fait ou se fait,0.25
99,marchs tropicaux la france se rengage en afrique mais quel intrt atelle de revendiquer et dafficher de telles ambitions visvis de ce continent les risques politiques sont importants alors que les marchs sont rduits estce le sentiment dune grandeur passe,0.1027
100,celle qui pense que le travail social est un sacerdoce plus que jamais le portevoix des groupes sociaux dfavoriss en organisant le mois de la solidarit leur gard,0.0
101,en mythomane qui se respecte monsieur smith rduit le monde le vrai lchelle de son imagination en dehors de son titre provocateur commercial et de mauvais got le contenu de ce livre serait en fait insignifiant ne rvlait le vritable visage de monsieur smith celui dun individu qui naime ni lafrique ni les africains qui nient leur culture et qui voudrait rcrire lhistoire dun continent de plus de etats en niant la fois lesclavage le pillage des ressources les dcoupages coloniaux arbitraires la climatologie et jen passe pour peu monsieur smith nierait mme lexistence du sida lexemple de certains dirigeants sud africains les seuls qui semblent bnficier de son indulgence,0.2263
102,la gestion de la crise ivoirienne par le parti au pouvoir efficace ds le mois de novembre le gouvernement sest port au secours de ses ressortissants expatris en cte divoire lopration bayiri ou retour au pays permis des dizaines de milliers de burkinab de fuir ce pays et principalement la zone dabidjan trs populaire et trs mdiatise elle prouv au peuple que letat ne laissait pas tomber ses ressortissants,0.1779
103,en touristes ont visit le pays soit touristes de plus quen le burkina faso se situe au me rang des destinations de lafrique de louest,0.0
104,le ministre de linformation change de main et revient joseph kahoun prcdemment secrtaire gnral du ministre de la culture et qui remplace raymond edouard oudraogo,0.0
105,cette occasion les membres du gouvernement ont affirm que les privatisations des zones cotonnires de lest et du centre ont prcdes dun appel doffres de prqualification intressant les oprateurs privs dsireux dexploiter ces zones cotonnires,0.0
106,aucune charge na retenue contre le gnral lougu dont le dpart du gouvernement accueilli sans surprise dautant que la presse prive distillait depuis des semaines des rumeurs sur sa prsume implication dans le coup detat avort et pour laquelle un autre officier le commandant si rmi kambou suffisamment impliqu arret et inculp le janvier dernier,-0.3549
107,article le gouvernement du burkina faso est remani ainsi quil suit,0.0
108,aussi confi me kr la dlgation demand au premier ministre le soutien de son gouvernement pour un meilleur panouissement du mtier davocat,0.7096
109,selon ondo le fmi connat actuellement un processus de changement et se dotera en dune nouvelle approche celle participative il sera dsormais beaucoup plus proche des populations ladministrateur du burkina auprs du fmi soutenu que le conseil dadministration de cette structure tient compte des dolances et des observations faites par les uns et les autres et pourra dans ce sens accompagner le burkina dans la mise en uvre du cadre stratgique de lutte contre la pauvret,-0.3612
110,le personnel pour sa part exprim sa disponibilit emprunter avec oudraogo le vol de la prosprit nous vous avons soutenu nous vous soutenons nous vous soutiendrons indiqu son porteparole salifou oudraogo directeur de limprimerie ce fut galement un cadre pour le personnel de faire le bilan des quatre annes de pilotage de son directeur gnral michel oudraogo de ce bilan sont apparus des acquis fort louables le porteparole salifou oudraogo cit entre autres lapprovisionnement continu en matires premires le changement qualitatif de la forme et du contenu des titres la modernisation en cours de limprimerie toutefois les travailleurs ont formul des dolances relatives linformatisation des services ltoffement du parc automobile la formation des agents la question de lindemnit spcifique de journaliste au cas des pigistes etc toutes ces requtes le premier responsable des editions sidwaya promis une satisfaction dans la mesure de son possible,0.9403
111,le janvier le procs en appel donnait enfin son verdict le tribunal de grande instance de ouagadougou jug le dossier des ex travailleurs de la rntcx recevable et condamn me bnwend sankara restituer aux travailleurs la somme de fcfa correspondant leurs droits compter du septembre,0.1531
112,lentreprise oumarou kanazo nous doit environ la bagatelle de millions concernant environ extravailleurs objet de divers dossiers en justice au titre des arrirs de salaires elle doit environ millions de fcfa ces propos sont du bureau national du syndicat des travailleurs des travaux publics du btiment de lhydraulique et assimils syttpbha syndicat agissant au nom des extravailleurs de lentreprise kanazo mais pourquoi eston arriv une situation conflictuelle entre lentreprise kanazo et ses extravailleurs pour le bureau national du syttpbha la raison est simple lentreprise kanazo est une entreprise familiale patriarcale qui ne sembarrasse pas des rgles dembauche des rgles de gestion du personnel des rgles de traitement salarial des rgles de licenciement bref aucune rgle du code du travail,0.2449
113,titre dexemple en france ditil un producteur de bl tire plus de la moiti de ses revenus de subventions il peut donc brader son bl sur le march mondial et le dverser dans les pays du sud,0.1027
114,on note galement la cration dun ministre dlgu auprs du ministre des enseignements secondaire suprieur et de la recherche scientifique charg de lenseignement technique et professionnel,0.0
115,la reconnaissance du terrain fut faite dans la matine du jour mme de la rencontre une raison supplmentaire pour craindre lissue du match,0.2263
116,fatimata legma fl je voudrais linstar de toute la population souhaiter tous et toutes une bonne et heureuse anne que soit dabord une anne de sant de paix de succs dans leurs diffrentes entreprises sur les diffrents chantiers de bataille et que la solidarit soit de mise au niveau de la population des bal pour que nous puissions conduire ensemble cette mission qui nous confie par le premier responsable de ce pays,0.9186
117,la phase dinformation et de sensibilisation,0.0
118,maintenant plus que jamais radio laafi va transmettre des connaissances aux populations en matire de sant agriculture ducation civique et ce dont besoin lauditeur en terme de connaissances nouvelles elle va aussi contribuer au changement de comportement au sein de la population face au vih et faire la promotion des droits des personnes vivant avec le vih travers des missions radiophoniques,0.1531
119,merci merci du fond du cur dtre venus si nombreux les occasions de se retrouver dans une ambiance si amicale et si conviviale ne sont jamais assez nombreuses aujourdhui en tous cas au seuil de cette nouvelle anne votre prsence compte beaucoup pour moi face un calendrier dj si rempli et la lourdeur des charges et des responsabilits que nous allons devoir assumer je ressens cette prsence comme un soutien elle est pour moi trs stimulante et elle nourrit mon optimisme pour notre ambition francophone,0.9413
120,au cours de cette assemble gnrale constitutive du samedi janvier les membres ont amend et adopt le statut et le rglement puis ont procd llection des membres du bureau lassociation reporters du faso se fixe pour objectif de dvelopper lesprit de confraternit entre journalistes dfendre limage du mtier et les intrts des membres le dveloppement dinitiatives en matire de formation la promotion du respect des rgles thiques et dontologiques de la profession seront aussi des dfis relever,0.4767
121,hier janvier le prtexte vite trouv dans les propos dune extrme clart voire de franchise du ministre detat ministre de lagriculture de leau et des ressources halieutiques qui aurait le tort de donner son sentiment sur qui va tre le candidat de son parti llection prsidentielle de,0.2023
122,cette occasion deux discours ont prononcs,0.0
123,lorsque dans notre dition du mercredi janvier dernier sidwaya nous appelions les partis politiques nous servir la campagne lectorale des programmes srieux et cohrents plutt que de se complaire dans des attaques en dessous de la ceinture et le dilatoire nous ne croyions pas si bien dire lentame de la campagne ou de la prcampagne le laisse percevoir car cest blaise compaor qui est le problme des opposants il ne doit plus se reprsenter arguentils sappuyant sur la relecture de larticle qui stipule que le mandat prsidentiel est de cinq ans renouvelable une fois blaise compaor est donc disqualifi un argumentaire qui cache mal leur ignorance volontaire du droit larticle du code civil napolonien en vigueur chez nous stipule en effet que la loi ne dispose que pour lavenir ajoutant quelle na point deffet rtroactif cest dire quau moment le nouvel article tait promulgu blaise compaor se trouvait dans la mme situation que tous les autres citoyens,-0.7309
124,lorsque hyppolite mergea de sa caverne aux dlices rveill par sa compagne il tait prs de deux heures du matin il fallait rentrer sans tarder et prparer un gros mensonge pour justifier ce retard prcipitamment il rintgra ses vtements et toujours suffisamment mch rentra chez lui,0.0772
125,quatre domaines principaux seront concerns par la convention ce sont le rseau routier la circulation des poids lourds sur les grands axes la scurit routire et les capacits techniques du ministre des infrastructures ainsi km de routes bitumes du rseau national prioritaire seront renforces et autres km feront lobjet dun entretien priodique en fonction des budgets qui resteront disponibles ces actions visent prvenir la dgradation des voies par des initiatives de rfection et par la lutte contre la surcharge des poids lourds devenus trs nombreux sur les routes burkinab depuis la crise ivoirienne les autres domaines dintervention contribueront entre autres amliorer les conditions de scurit en adaptant les routes aux exigences du trafic et en modifiant les comportements des usagers,-0.743
126,les quatre trophes dhonneur serviront rcompenser le prsident de la rpublique du pays hte le parrain institutionnel quest la banque centrale des etats de lafrique de louest bceao celui de la banque ouestafricaine de dveloppement boad la commission de lunion conomique et montaire ouestafricaine uemoa,0.0
127,jeanbaptiste compaor jbc dix ans aprs la cration de luemoa nous pouvons dire que lunion sest dveloppe elle cr un environnement favorable au dveloppement de nos etats membres le processus dintgration est en marche les structures et les conditions ont mises en place pour permettre lmergence dun rel march rgional le sommet de niamey nous permis de faire un bilan miparcours tout le monde est unanime reconnatre que la volont dintgration existe bel et bien au niveau des etats,0.6249
128,dans son discours douverture le prsident du cinclub des lycens de ouagadougou salam zampaligr rendu un vibrant hommage un homme un fils dafrique un cinasteconteur plein de talent le sngalais djibril diop mambty disparu le juillet et qui laisse derrire lui le jeune cinaste africain orphelin,0.2263
129,en effet en dehors des dlgus qui accompagnent les plerins il mis sur place un comit compos dtudiants burkinab en arabie saoudite pour soccuper de leurs compatriotes plerins sur place il faut noter une amlioration dans lorganisation comparativement lanne dernire mme si des petites difficults surgissent et lies notamment des problmes de passeport au dernier moment el hadj adama sakand promet que des mesures seront prises pour grer les cas difficiles en arabie saoudite,0.6486
130,toutes ces manifestations ont eu lieu dabord la crmonie douverture ensuite la maison des jeunes et de la culture de sindou pour les troupes artistiques et enfin au village de tna les chasseurs ont organis une veille aux sons dinstruments de musique et de coups de fusils,-0.5106
131,travers une forte mobilisation les populations des trois villages ont tmoign toute leur reconnaissance de telles initiatives qui font de leau une priorit cest le prfet de fada qui offici la crmonie de lancement en prsence des responsables du projet adle un partenaire privilgi de lassociation base fandima des responsables locaux du village ainsi que des populations,0.6705
132,ce nest pas un procs spcial cest celui dun ivoirien qui commis un acte et devra faire face aux rigueurs de la loi ce sera un procs ouvert tout le monde cest pourquoi je nai pas institu daccrditations pour slectionner des personnes indiqu lafp kessi,0.296
133,cette premire runion de travail du conseil organise paris port sur le thme diversit culturelle et francophonie dans lespace francophone et lchelle mondiale la francophonie est en effet fortement implique dans le projet de convention sur la diversit culturelle en prparation lunesco convention qui aura des rpercussions majeures sur le dveloppement des industries lies la culture,0.5106
134,mme odile bonkoungou secrtaire gnral du gouvernement prsid la crmonie de passation de service hier mardi au sein du ministre passation de service entre deux mritants qui se sont mutuellement flicit et encourag tout en tmoignant leur reconnaissance au prsident du faso prsident du conseil des ministres et au premier ministre chef du gouvernement,0.2263
135,par ailleurs les rsultats des assises nationales sur lducation organises en avril et de lvaluation du plan dcennal de dveloppement de lenseignement de base en septembre ont confirm la ncessit et lurgence de la rorganisation effective du systme ducatif burkinab,0.1027
136,la corruption relev le secrtaire permanent du renlac dieudonn yamogo pris des proportions dramatiques au pays des hommes intgres aucun secteur dactivits nest pargn par le mal atil poursuivi face cette situation yamogo estim que les pouvoirs publics ont montr leurs limites les limites selon le renlac sont dues un dysfonctionnement dans les institutions et structures publiques de lutte anticorruption lesdites structures fait remarquer yamogo pchent le plus souvent par une insuffisance de moyens matriels et financiers et un manque de pouvoir de poursuite,-0.9451
137,les partis politiques cits et reprsents comme cidessus ont expos avoir sollicit laudience en vue de pouvoir utilement sinformer sur linculpation de matre prosper farama avocat de norbert michel tiendrebogo prsident du ffs la rencontre eu lieu le dcembre partir de heures la maison de lavocat sise au palais de justice ouagadougou,0.7506
138,des modestes ha dexploitation agricole ces dbuts en kani bicaba se retrouve la tte dune grande exploitation de ha rput gros travailleur lexploitant bicaba su mettre en valeur ses grandes superficies engendrant des rendements dpassant gnralement la moyenne cest au regard de tous ces efforts que ce producteur pas comme les autres distingu kaya lors de la journe nationale du paysan en effet kani bicaba fait chevalier de lordre du mrite avec agrafe agricole,0.6486
139,dans son album sad chante lamour rend hommage la femmemre dnonce la tricherie invite lacceptation de lautre au respect de lautorit parentale,0.4767
140,la dlgation burkinab eu une sance de travail avec les responsables du conseil suprme des femmes,0.3182
141,tout se passe dans le plus grand secret mais kantigui en eu vent au cdp on prpare activement les prochaines chances lectorales notamment la prsidentielle de ainsi kantigui constate que anicet kpoda un des principaux animateurs des anciennes campagnes du cdp vient dtre rappel durgence de lambassade du burkina faso paris il est en service depuis environ ans comme responsable du service social kpoda qui rentrerait samedi prochain va prendre en main entre autres la direction du sige du cdp,0.6293
142,un tel campement sera dun apport apprciable pour les visiteurs de ce site car prsentement il est formellement interdit de passer la nuit sur les lieux cela contribuera lever lune des principales contraintes qui mine le secteur du tourisme savoir le manque damnagement et de valorisation de sites touristiques,-0.4019
143,aprs un interrogatoire serr pi aurait rvl quil avait de faux billets achets chez un certain sa contre de vrais billets dont un taux dchange de environ cherchant aussi son intrt pi devait couler ce montant dont un bnfice de en bonnes coupureslorigine de ces billets suspects reste lie au pillage de lagence de la banque centrale des tats de lafrique de louest bceao bouak et dont les contours restent encore dfinir,0.3612
144,lobjectif rechercher est damliorer la fluidit des transports travers un rseau routier uniforme qui permette une interconnexion avec les autres pays de lafrique de louest la stratgie comporte un volet suppression des barrires non tarifaires,0.0
145,joseph zangreyanogho les etalons sont effectivement toulon depuis le janvier dernier il ont pu se dplacer port said en egypte pour affronter les pharaons avec un rsultat nul de un but partout aujourdhui janvier lentretien sest droul hier lquipe affronte la slection de la guine pour des contraintes techniques lencadrement supprim le match contre istres et cest le janvier que le groupe va rejoindre la tunisie,-0.1027
146,maxime ilboudo chauffeur jaimerais que blaise compaor se prsente aux lections de parce quil sait dj ce que le peuple veut et ce quil ne veut pas au lieu de chercher un autre prsident soucieux de ses propres intrts et attachs au pouvoir personnel au lieu de songer la construction du pays il vaut mieux que blaise compaor reste certes beaucoup de gens le critique mais que vous voulezvous on ne peut vivre sans tre critiqu donc je souhaite que le prsident compaor soit toujours le premier magistrat du pays il faut aussi quil oeuvre ce que les puissances occidentales ne nous exploitent pas,0.4215
147,fils du premier prsident du pays maurice yameogo dont un mouvement syndical brutalement court les airs de grandeurs la grande joie du peuple hermann malgr une carrire politique de plus de ans na pas encore russi tre autre chose que ce fils la recherche dun paradis perdu,0.4939
148,un homme en uniforme usait de son sifflet et le prsident du tribunal militaire ahmed coulibaly tentait de ramener le calme allant jusqu menacer au micro de faire vacuer le public si le silence ntait pas rtabli dans la salle quelques spectateurs membres du comit de soutien au policier arboraient des tshirts blancs au message clair recto verso seri est innocent librez dago sri,0.7003
149,selon la mission dvaluation dirige par le tunisien hdi annabi qui sest du reste fortement inspire du rapport tabli par le groupe des droits de lhomme de la mission des nations unies en cte divoire minuci les populations civiles continuent prcisment dtre victimes de harclements meurtres arrestations arbitraires torture dtentions au secret barrages routiers fouilles de maisons vols et extorsions,-0.4019
150,il nen est donc rien en tout cas pour linstant car on juste mond larbre on na pas voulu le draciner on reprend donc les me mes et on continue lexception notable de trois notabilits qui font les frais de ce ramnagement ministriel il sagit de notre ministre de tutelle raymond edouard oudraogo alias reo de djiri dakar du dpartement de lenvironnement et du cadre de vie et et et du gnral kouam lougu ministre de la dfense autant dire pas grandchose ou plutt si,0.3182
151,lors de cette visite les prsidents compaor et bryant feront un tour dhorizon des relations entre leurs deux etats et discuteront particulirement de la situation interne du liberia indiqu une source prsidentielle,0.3612
152,son excellence monsieur le prsident du faso et monsieur le premier ministre ont exhort lensemble des membres du conseil continuer uvrer inlassablement dans la cohsion et dans la solidarit pour la russite du programme de travail que sest assign le gouvernement de combat form le juin,0.5267
153,mohamed doumi md nous sommes des citoyens algriens et franais rsidant lpoque en france nous tions maris en france nos enfants sont des franais parmi nous il avait des tudiants des commerants des avocats des intellectuels des entrepreneurs nous avons ainsi expulss arbitrairement charles pasqua avait fait de nous le thme dune campagne lectorale pendant les lections il nous accusait dtre daccointance avec les intgristes algriens,0.2023
154,yro boly ministre de la dfense,0.0
155,en arrivant notre rdaction il tenait entre les mains le numro du confrre ivoirien dans lequel sont relats les faits recueillis auprs des membres de la famille issa baba reu plusieurs dcharges de chevrotine dans la jambe gauche ces bourreaux sont des lments de la gendarmerie dayam en faction dans le village de songan ce dcembre liton,0.0
156,lquipe de recherche sond lopinion de la population de ouagadougou sur la question de lavortement en interrogeant femmes et hommes en chantillon reprsentatif de la population de ouagadougou les rsultats montrent que lavortement est une pratique fortement dsapprouve socialement,0.3612
157,dynamisation du samu social burkina faso,0.3612
158,le document de base tient compte des spcificits de la ville de bobodioulasso dont le tissu dunits industrielles est trs toff avec pour consquence plus de deau uses rejetes dans la nature et le milieu urbain les impacts portent sur la sant le marachage et sappellent aussi pollution atmosphrique atteinte des nappes phratiques et des cours deau etc,-0.4788
159,dans sa rponse le hautcommissaire sbastien willy salu linitiative de la presse locale quil qualifie doriginale car selon lui cest la toute premire fois quil reoit les vux de ceuxl qui animent les mdias au niveau local leur endroit tous le hautcommissaire formul en retour des vux de sant de paix et de succs,0.3612
160,la preuve les talons sont leur participation conscutive une phase finale on se rappelle que pour sa re prsence ce niveau en au ghana sous le nom de haute volta il bnfici du fait que le mali et la cte divoire se sont neutraliss sur tapis vert,-0.0772
161,nous avons saisi loccasion pour parler de notre intrt mutuel pour la paix dans la sousrgion et galement des problmes de scurit qui existent aux frontires de certains etats guine cte divoire burkina faso le burkina faso tant reconnu pour son expertise en matire de gestion de leau nous avons sollicit auprs du prsident du faso dans le cadre de la coopration bilatrale entre nos deux pays pouvoir en bnficier,0.7902
162,bryant qui entam jeudi matin une visite officielle de deux jours au burkina faso soulign que sa conversation avec compaor stait concentre essentiellement sur les questions de paix et dintgration et avait aussi permis de renouveler leur amiti au bnfice de leurs peuples,0.7579
163,le octobre au soir le policier ivoirien avait abattu le journaliste franais dune balle de kalachnikov dans la tte alors que ce dernier attendait proximit du sige de la police nationale la libration de onze opposants,-0.1779
164,la maison darrt et de correction de banfora na toujours pas ouvert ses portes les travaux sont bloqus depuis des annes et malgr les promesses du gouvernement ils nont pas repris du coup les dlinquants et autres dtenus sont transfrs bobo dioulasso grce la comprhension des transporteurs qui dlivrent des billets gratuits pour amoindrir les charges et rduire les dplacements les magistrats ont trouv une alternative depuis le dcembre dernier les citations directes sont dsormais effectues au palais de justice de banfora,0.601
165,aussi sestil attel travailler donner un contenu cette notion cet effet les services techniques de ce ministre ont labor une stratgie nationale de rforme de letat mais dans le souci dobtenir le maximum de contributions et dexpertises dans la perspective dune bonne conduite de cette rforme le ministre en charge de la question travers la direction gnrale de la rforme de letat initi le prsent sminaire nationale lobjectif est daboutir llaboration du meilleur document de rfrence possible pour la conduite de cette rforme avant quil ne soit soumis au conseil des ministres pour adoption,0.6124
166,initialement prvus pour les et les vols dparts des plerins burkinab pour les lieux saints de lislam se sont drouls les et janvier en dehors de ce faux dpart une panne technique davion enregistre chez le transporteur air sngal la majeure partie de nos plerins ont pu embarquer pour la mecque seulement autres attendent encore de prendre leur vol dentre eux sont rgulirement inscrits au nom de la commission nationale dorganisation du plerinage la mecque cnopm et les autres par les dmarcheurs qui auraient tenu par devers eux largent de ces derniers selon le secrtaire permanent de la cnopm tous ceux qui se sont rgulirement inscrits la commission devraient en principe tre de ceux qui ont dj embarqu pour la mecque leur prsence dans le dernier lot des plerins sexplique par le fait que des dmarcheurs malhonntes ont introduit de faon frauduleuse les passeports de leurs plerins dans la souscommission transportpasseport,-0.8689
167,pendant trois semaines la tunisie sera le nombril de lafrique saffronteront les seize meilleures quipes du continent le hasard du tirage au sort log le burkina dans le groupe en compagnie du sngal du mali et du kenya sur le papier sngalais et maliens partent favoris,0.5106
168,volont dimmixtion dans les affaires intrieures dun parti le ministre sen dfend et par la voix de son reprsentant laudience du janvier lonard guira directeur des liberts publiques dit vouloir tout simplement aider dnouer la situation de blocage caus par le fait quaucun des organes mis en place par les protagonistes ntait comptent pour diriger le parti,0.1531
169,le discours douverture prononc par le prsident du pds flix koum soubeiga aprs avoir souhait la bienvenue aux invits et remerci les partis amis pour leur prsence et leurs messages au congrs il expliqu que le congrs tait destin faire le bilan et tirer les leons de lactivit du parti durant les trois ans couls depuis la reconnaissance officielle du pds,-0.2732
170,le deuxime laurat jol tour galement de lindpendant reu la somme de fcfa son article nabil bachour un boulanger sme la terreur paru dans lindpendant du septembre sduit le jury par le dvoilement dun aspect pernicieux de pratiques corruptrices,-0.1779
171,de lavis de el hadj boubacar yugo secrtaire permanent du cnopm le troisime avion qui tait un airbus ne pouvait transporter que personnes comparativement aux deux premiers boeings qui embarquaient chacun plus de personnes ce qui provoqu le non embarquement de la quarantaine de plerins mais le secrtaire permanent promet bel et bien que ces plerins seront du hadj par le biais dun vol rgulier destination des lieux saints dans les tout prochains jours,-0.0516
172,linspecteur ganou est galement auteur de plusieurs manuscrits nouvelles thtres et de textes de lecture dans les livres lire au burkina cours moyen et par des textes courts et faciles lire sillustrant par leur simplicit lauteur entend veiller la sensibilit des enfants qui guidera leur choix pour les rcitations lexamen,0.4019
173,et charles konan banny de se laisser aller lnumration des acquis le taux dinflation matris dans tous les pays membres de luemoa il ne dpasse pas aucun pays en afrique na fait mieux le ratio masse salarialerecettes fiscales de nos jours tourne autour de contre plus de la veille de la dvaluation la monnaie est convertible et le taux de couverture de la monnaie est de,0.5994
174,linverse la chine populaire de mao tse toung que le reste du monde mprisait en mais qui sest dote dune lite intellectuelle nationaliste dtermine recoller les mille morceaux de chine crs par les puissances imprialistes europennes cf guerre de lopium et ses seigneurs de la guerre se dresse firement aujourdhui face aux usa avec lesquels la chine traite dgal gal,-0.4019
175,dans le mme registre llimination au premier tour de la tunisie en avait entran une rvolution laquelle permettra du reste au pays datteindre la finale de ldition suivante en afrique du sud contrario les vainqueurs sont fts comme personne et ce ne sont pas les diables rouges du congo vainqueurs en encore moins les elphants de cte divoire rois de sngal qui diront le contraire cest dire que le football plus quun sport est devenu une religion en afrique et un moyen de rsoudre les crises politiques,-0.0936
176,absent de la salle pendant llection comme le prvoit le rglement hayatou chaleureusement acclam son retour au sein de lassemble,-0.0772
177,des joueurs de la trame de moumouni dagano peuvent faire la diffrence tout moment les etalons ont bnfici dun soutien financier de taille,0.5574
178,cela koflan traor transformateur et prsident du comit de contrle du cirb rpond que si le kilogramme de paddy est achet entre et cfa comme lont souhait les producteurs il serait invendable aprs la transformation eu gard leurs charges nergie salaires des travailleurs etc et du fait que le march est satur de riz import sous toutes les formes dons stocks dclasss aussi ces prix narrangent pas le transformateur quil est la concurrence du riz import aidant francs le kilogramme de riz dcortiqu le riz produit au burkina faso nest pas comptitif sur le march et le prix lev de notre riz pnaliserait en dernier ressort le consommateur,0.8861
179,au cours de cette audience le diplomate amricain not avec satisfaction des progrs accomplis depuis quelques annes par le burkina faso dans les domaines de la dmocratie et des droits de lhomme toute chose qui selon michal arietti participe de llection du burkina faso lagoa cela le ministre detat youssouf oudraogo rassur le diplomate amricain de la ferme volont du burkina faso travailler davantage et toujours pour le renforcement des droits de lhomme et de la dmocratie au burkina faso,0.5423
180,kouam lougu est sorti du gouvernement par la petite porte interpell par la justice dans le cadre du complot contre la sret de letat cest par souci de favoriser la manifestation de la vrit que le prsident du faso en accord avec son premier ministre la dcharg de sa fonction ministrielle,0.25
181,en effet la lgalit de cette candidature ne souffre daucune contestation crdible elle se fonde cette lgalit sur les dispositions de larticle de la constitution cause du principe gnral de la rgle de droit qui proscrit la rtroactivit de la loi tous les juristes mme ceux en herbe le savent bien ce principe de la non rtroactivit est fondamental en droit et impose de ne pas appliquer une loi nouvelle des actes situations ou des effets qui se sont produits avant la promulgation de celleci,0.0772
182,il ajout quen signe de solidarit le burkina allait assister la confrence des bailleurs de fonds du liberia prvue dbut fvrier new york,0.0
183,il dcid de participer lenvoi dune mission dobservation lectorale de lorganisation internationale de la francophonie oif si celleci tait saisie dune telle demande la rintgration de la section hatienne au sein de lapf sera tudie la suite des lections lgislatives et snatoriales,-0.128
184,la stratgie nationale assigne la rforme de letat deux objectifs ldification dun etat stratge qui promeut un dveloppement durable travers un systme de gouvernance partage qui articule harmonieusement et associe les diffrentes institutions politiques les acteurs sociaux et les entreprises prives dans les processus dlaboration et de mise en uvre de politiques de dveloppement pertinentes le renforcement continu dun etat de droit dmocratique et rpublicain qui garanti la justice assure la primaut du droit la transparence lgalit et le respect des droits et devoirs des citoyens,0.872
185,le secrtaire gnral du parti adama sr les reprsentants des hommes des jeunes des femmes et des cadres du parti ont tour tour pris la parole pour dune part souhaiter joyeux anniversaire tous les militants du rdeb et dautre part ritrer leur engagement uvrer la ralisation des idaux du parti la clbration de cet anniversaire aussi permis de lancer le mensuel du parti ecolo magazine un journal dinformations environnementales,0.9136
186,au cours de cette visite les deux chefs detat ont procd un large change de vues sur les questions bilatrales ainsi que sur les sujets dintrt rgional et international,0.2682
187,durant les deux jours de travaux ces participants ont bnfici de communications au total dix exposs ont prsents au cours de la rencontre les changes ont permis aux participants danalyser les acquis les forces et les faiblesses du processus de la revue miparcours et daboutir des conclusions portant dune part sur lensemble du programme de coopration et dautre part sur les programmes sectoriels,0.6908
188,mise au point dans les annes par une quipe de quatre chercheurs burkinab la mthode alfaa est une approche mthodologique propre au burkina qui permet des adultes alphabtiss dapprendre rapidement un franaise fondamental et fonctionnel,0.4019
189,la crmonie dintronisation tenu en deux tapes qui ont consist pour la premire ce que lon appelle la remise de la calebasse au chef et pour la seconde au port du bonnet correspondant la prsentation publique du chef la population,0.0
190,pascal kabor pk comme je lai toujours dit il ne faut pas sortir un album parce quil faut le sortir il faut rellement tre prt et si nous avons mis un long temps cest parce que nous sommes un artiste du terroir pour cela donc il fallu mener des recherches au niveau de la culture burkinab afin de concevoir une uvre originale et limage de lartiste que nous sommes beaucoup de personnes croient en moi et je ne dois pas les dcevoir jai fait ce silence pour travailler bien sr dans lombre cest pourquoi vous aurez bientt sur le march un album riche en couleurs folkloriques essentiellement tires du terroir national il sintitule boin ben bala,0.7579
191,lorganisation mondiale des douanes est un organisme intergouvernemental qui se veut indpendant et dont la mission est damliorer lefficacit et le rendement des administrations douanires,0.0
192,ceux qui ont perdu la lutte pour son contrle nont eu dautres arguments que de se ruer dans des oprations dstabilisatrices couples de campagnes de diabolisation qui atteint son paroxysme avec laffaire norbert zongo,-0.5574
193,en effet les aigles du mali que lentraneur tunisien avait mpriss travers ses dclarations davantmatch ont inflig une svre correction au onze national tunisien si je fais mme un match nul avec le mali je dmissionne avait dit en substance le coach tunisien trs hautain son seul mrite cest quil tenu parole en jetant lponge aprs cette cuisante dfaite,-0.25
194,pourtant en match de poule de qualification pour cette can les deux formations staient neutralises dakar et ouagadougou ce bref rappel historique nest pas pour remuer le couteau dans la plaie mais pour attirer lattention des etalons sur lintrt que revt cette premire rencontre battre le sngal nest pas impossible les etalons lavaient dj fait quand ils prparaient mali dakar il suffit de la rditer ce ne sera pas facile ce soir certes mais il faut croire,0.5851
195,lexception de natama remplac par hamidou balbon le technicien burkinab dispose de tout son monde le match contre la guine tait une occasion pour donner un temps de jeu aux rservistes afin quils puissent rpondre prsents si on les appelle au pied lev pour prendre la place des titulaires jean baptiste parkouda viceprsident de la fbf saisi lopportunit pour apporter des claircissements sur les problmes de prime poss par les joueurs cest un pass lointain diratil,0.5106
196,la cadhp aura un double mandat consultatif et contentieux elle pourra mettre des avis sur toute question juridique concernant la charte africaine des droits de lhomme et des peuples et rendre des arrts sur toute requte concernant linterprtation et lapplication des dispositions de la charte et autres instruments pertinents relatifs aux droits de lhomme ratifis par les etats concerns,0.0
